Symbol,Company Name,Listing Date,ipo_raised_fund,ipo_price,1d_price_movement_after_listed,7d_price_movement_after_listed,30d_price_movement_after_listed,180d_price_movement_after_listed,365d_price_movement_after_listed,underwriter
PGJO,PT Tourindo Guide Indonesia Tbk,08-Jan-20,12000000,80,10,58,10,-8,-16,SURYA FAJAR SEKURITAS
AMAR,PT Bank Amar Indonesia Tbk,09-Jan-20,209856000,174,69,268,145,140,62,UOB KAY HIAN SEKURITAS (AI)
CSRA,PT Cisadane Sawit Raya Tbk,09-Jan-20,51250000,125,70,180,444,84,212,UOB KAY HIAN SEKURITAS (AI)
INDO,PT Royalindo Investa Wijaya Tbk,13-Jan-20,94800000,110,70,74,30,7,18,BCA SEKURITAS (SQ)
AMOR,PT Ashmore Asset Management Indonesia Tbk,14-Jan-20,211111000,1900,50,44,24,14,66,MANDIRI SEKURITAS (CC)
TRIN,PT Perintis Triniti Properti Tbk,15-Jan-20,129767000,200,70,40,21,34,7,ROYAL INVESTIUM SEKURITAS (LH); MIRAE ASSET SEKURITAS INDONESIA (YP)
DMND,PT Diamond Food Indonesia Tbk,22-Jan-20,91500000,915,50,17,2,5,1,INDO PREMIER SEKURITAS (PD)
PURA,PT Putra Rajawali Kencana Tbk,29-Jan-20,189000000,105,70,87,36,22,16,UOB KAY HIAN SEKURITAS (AI)
PTPW,PT Pratama Widya Tbk,07-Feb-20,114164000,650,50,37,9,158,96,UOB KAY HIAN SEKURITAS (AI)
TAMA,PT Lancartama Sejati Tbk,10-Feb-20,35000000,175,69,137,33,-7,-50,NH KORINDO SEKURITAS INDONESIA (XA)
IKAN,PT Era Mandiri Cemerlang Tbk,12-Feb-20,40000000,120,70,87,30,400,-39,UOB KAY HIAN SEKURITAS (AI)
AYLS,PT Agro Yasa Lestari Tbk,12-Feb-20,25870000,100,70,172,-38,-50,-50,NH KORINDO SEKURITAS INDONESIA (XA)
DADA,PT Diamond Citra Propertindo Tbk,14-Feb-20,218994000,102,70,59,145,-23,-51,SHINHAN SEKURITAS INDONESIA (AH); UOB KAY HIAN SEKURITAS (AI)
ASPI,PT Andalan Sakti Primaindo Tbk,17-Feb-20,34650000,105,70,178,271,55,-37,INVESTINDO NUSANTARA SEKURITAS (IN); NH KORINDO SEKURITAS INDONESIA (XA); PANCA GLOBAL SEKURITAS (PG); KB VALBURY SEKURITAS (CP)
BESS,PT Batulicin Nusantara Maritim Tbk,09-Mar-20,73500000,105,70,90,129,161,119,JASA UTAMA CAPITAL SEKURITAS (YB); ERDIKHA ELIT SEKURITAS (AO); EKUATOR SWARNA SEKURITAS (MK); PACIFIC SEKURITAS INDONESIA (AP); PANIN SEKURITAS TBK. (GR); PROFINDO SEKURITAS INDONESIA (RG)
ESTA,PT Esta Multi Usaha Tbk,09-Mar-20,24000000,120,70,75,-3,-15,-13,JASA UTAMA CAPITAL SEKURITAS (YB); ERDIKHA ELIT SEKURITAS (AO); EKUATOR SWARNA SEKURITAS (MK); PACIFIC SEKURITAS INDONESIA (AP); PANIN SEKURITAS TBK. (GR); PROFINDO SEKURITAS INDONESIA (RG)
CARE,PT Metro Healthcare Indonesia Tbk,13-Mar-20,1030000000,103,35,29,207,224,234,JASA UTAMA CAPITAL SEKURITAS (YB); ERDIKHA ELIT SEKURITAS (AO); EKUATOR SWARNA SEKURITAS (MK); PANIN SEKURITAS TBK. (GR); PROFINDO SEKURITAS INDONESIA (RG); PACIFIC SEKURITAS INDONESIA (AP)
AMAN,PT Makmur Berkah Amanda Tbk,13-Mar-20,64350000,110,35,72,93,135,165,KGI SEKURITAS INDONESIA (HD); PANIN SEKURITAS TBK. (GR); AARTHA SEKURITAS INDONESIA (SH); PROFINDO SEKURITAS INDONESIA (RG); MINNA PADI INVESTAMA SEKURITAS TBK (MU)
SAMF,PT Saraswanti Anugerah Makmur Tbk,31-Mar-20,93000000,120,35,233,218,217,230,SURYA FAJAR SEKURITAS; DANATAMA MAKMUR SEKURITAS (II)
KBAG,PT Karya Bersama Anugerah Tbk,08-Apr-20,215000000,100,35,114,176,-33,-50,DANATAMA MAKMUR SEKURITAS (II); NH KORINDO SEKURITAS INDONESIA (XA); AARTHA SEKURITAS INDONESIA (SH); HENAN PUTIHRAI SEKURITAS (HP); KB VALBURY SEKURITAS (CP); WATERFRONT SEKURITAS INDONESIA (FZ); MIRAE ASSET SEKURITAS INDONESIA (YP); PANIN SEKURITAS TBK. (GR); INDOSURYA BERSINAR SEKURITAS (IP); RELIANCE SEKURITAS INDONESIA TBK. (LS); KGI SEKURITAS INDONESIA (HD); NILAI INTI SEKURITAS (RO); ONIX SEKURITAS (FM); MINNA PADI INVESTAMA SEKURITAS TBK (MU)
SBAT,PT Sejahtera Bintang Abadi Textile Tbk,08-Apr-20,44625000,105,34,50,16,47,-48,SURYA FAJAR SEKURITAS; VICTORIA SEKURITAS INDONESIA (MI)
RONY,PT Aesler Grup Internasional Tbk,09-Apr-20,25000000,100,35,280,106,238,57,INDO CAPITAL SEKURITAS
CBMF,PT Cahaya Bintang Medan Tbk,09-Apr-20,60000000,160,35,26,-28,140,25,INDO CAPITAL SEKURITAS; SEMESTA INDOVEST SEKURITAS (MG); SEMESTA INDOVEST SEKURITAS (MG); INDO CAPITAL SEKURITAS
CSMI,PT Cipta Selera Murni Tbk,09-Apr-20,36076000,196,1,-8,-10,81,770,SUCOR SEKURITAS (AZ)
BHAT,PT Bhakti Multi Artha Tbk,15-Apr-20,206000000,103,35,172,240,374,497,JASA UTAMA CAPITAL SEKURITAS (YB); EKUATOR SWARNA SEKURITAS (MK); ERDIKHA ELIT SEKURITAS (AO); PANIN SEKURITAS TBK. (GR); PROFINDO SEKURITAS INDONESIA (RG)
BBSS,PT Bumi Benowo Sukses Sejahtera Tbk,15-Apr-20,156000000,120,35,54,36,3,-46,MIRAE ASSET SEKURITAS INDONESIA (YP)
CASH,PT Cashlez Worldwide Indonesia Tbk,04-May-20,87500000,350,10,14,37,63,-9,SINARMAS SEKURITAS (DH)
TECH,PT Indosterling Technomedia Tbk,04-Jun-20,40208000,160,35,50,-13,2,744,SINARMAS SEKURITAS (DH); PHILLIP SEKURITAS INDONESIA (KK); SEMESTA INDOVEST SEKURITAS (MG)
EPAC,PT Megalestari Epack Sentosaraya Tbk,01-Jul-20,27500000,110,35,144,107,28,-55,SINARMAS SEKURITAS (DH)
UANG,PT Pakuan Tbk,06-Jul-20,34375000,125,34,252,207,52,308,SINARMAS SEKURITAS (DH)
PGUN,PT Pradiksi Gunatama Tbk,07-Jul-20,103500000,115,35,251,223,107,126,INVESTINDO NUSANTARA SEKURITAS (IN); PANIN SEKURITAS TBK. (GR); PANCA GLOBAL SEKURITAS (PG)
SOFA,PT Boston Furniture Industries Tbk,07-Jul-20,40000000,100,10,-10,-26,5,2,DANATAMA MAKMUR SEKURITAS (II); HENAN PUTIHRAI SEKURITAS (HP); MIRAE ASSET SEKURITAS INDONESIA (YP); SURYA FAJAR SEKURITAS; RELIANCE SEKURITAS INDONESIA TBK. (LS); ONIX SEKURITAS (FM); PANIN SEKURITAS TBK. (GR); NILAI INTI SEKURITAS (RO); KGI SEKURITAS INDONESIA (HD)
PPGL,PT Prima Globalindo Logistik Tbk,20-Jul-20,16500000,110,10,56,80,17,-31,UOB KAY HIAN SEKURITAS (AI)
TOYS,PT Sunindo Adipersada Tbk,06-Aug-20,148750000,350,25,83,54,31,-81,NH KORINDO SEKURITAS INDONESIA (XA)
SGER,PT Sumber Global Energy Tbk,10-Aug-20,54000000,108,34,111,191,428,289,INDO CAPITAL SEKURITAS; SEMESTA INDOVEST SEKURITAS (MG)
TRJA,PT Transkon Jaya Tbk,27-Aug-20,93750000,250,25,11,-40,-34,-21,UOB KAY HIAN SEKURITAS (AI)
PNGO,PT Pinago Utama Tbk,31-Aug-20,39063000,250,25,116,118,320,472,PANIN SEKURITAS TBK. (GR)
KMDS,PT Kurniamitra Duta Sentosa Tbk,07-Sep-20,48000000,300,25,100,93,70,45,VICTORIA SEKURITAS INDONESIA (MI)
BBSI,PT Krom Bank Indonesia Tbk,07-Sep-20,189487000,480,25,52,45,548,963,BINAARTHA SEKURITAS (AR); UOB KAY HIAN SEKURITAS (AI)
SCNP,PT Selaras Citra Nusantara Perkasa Tbk,07-Sep-20,55000000,110,35,113,109,109,160,CGS-CIMB SEKURITAS INDONESIA (YU)
SOHO,PT Soho Global Health Tbk,08-Sep-20,208173000,1820,25,202,242,165,182,INDO PREMIER SEKURITAS (PD)
PURI,PT Puri Global Sukses Tbk,08-Sep-20,34000000,170,34,99,100,149,145,PANIN SEKURITAS TBK. (GR)
ROCK,PT Rockfields Properti Indonesia Tbk,10-Sep-20,384630000,1340,25,26,-7,-42,-50,NH KORINDO SEKURITAS INDONESIA (XA)
HOMI,PT Grand House Mulia Tbk,10-Sep-20,59850000,380,25,92,161,293,407,RHB SEKURITAS INDONESIA (DR); ERDIKHA ELIT SEKURITAS (AO)
ENZO,PT Morenzo Abadi Perkasa Tbk,14-Sep-20,41160000,105,34,2,-52,-52,-52,NH KORINDO SEKURITAS INDONESIA (XA)
PLAN,PT Planet Properindo Jaya Tbk,15-Sep-20,30000000,112,10,52,138,-57,-74,INDO CAPITAL SEKURITAS
PTDU,PT Djasa Ubersakti Tbk,08-Dec-20,30000000,100,35,280,815,2820,69,MIRAE ASSET SEKURITAS INDONESIA (YP)
ATAP,PT Trimitra Prawara Goldland Tbk,11-Dec-20,25000000,100,35,114,34,12,49,KGI SEKURITAS INDONESIA (HD); RELIANCE SEKURITAS INDONESIA TBK. (LS); PANIN SEKURITAS TBK. (GR); AARTHA SEKURITAS INDONESIA (SH); PROFINDO SEKURITAS INDONESIA (RG); ERDIKHA ELIT SEKURITAS (AO)
VICI,PT Victoria Care Indonesia Tbk,17-Dec-20,100800000,100,35,280,248,276,420,MIRAE ASSET SEKURITAS INDONESIA (YP)
PMMP,PT Panca Mitra Multiperdana Tbk,18-Dec-20,118608000,336,15,-13,-20,17,42,SINARMAS SEKURITAS (DH); MIRAE ASSET SEKURITAS INDONESIA (YP)
WIFI,PT Solusi Sinergi Digital Tbk,30-Dec-20,82976000,530,25,50,20,100,3,INDO CAPITAL SEKURITAS
FAPA,PT FAP Agri Tbk,04-Jan-21,1001718000,1840,25,42,33,51,74,BCA SEKURITAS (SQ)
DCII,PT DCI Indonesia Tbk,06-Jan-21,150176000,420,25,201,1864,13948,11567,BUANA CAPITAL SEKURITAS (RF)
DGNS,PT Diagnos Laboratorium Utama Tbk,15-Jan-21,50000000,200,35,160,228,475,275,MIRAE ASSET SEKURITAS INDONESIA (YP)
BANK,PT Bank Aladin Syariah Tbk,01-Feb-21,515000000,103,35,281,1881,3162,2046,NH KORINDO SEKURITAS INDONESIA (XA)
UFOE,PT Damai Sejahtera Abadi Tbk,01-Feb-21,46208000,101,35,278,334,1197,1187,INVESTINDO NUSANTARA SEKURITAS (IN); PANCA GLOBAL SEKURITAS (PG); DANATAMA MAKMUR SEKURITAS (II)
WMUU,PT Widodo Makmur Unggas Tbk,02-Feb-21,349412000,180,34,37,12,-11,-26,CGS-CIMB SEKURITAS INDONESIA (YU); BRI DANAREKSA SEKURITAS (OD); SAMUEL SEKURITAS INDONESIA (IF); DANASAKTI SEKURITAS INDONESIA (PF); PANCA GLOBAL SEKURITAS (PG); PANIN SEKURITAS TBK. (GR); KB VALBURY SEKURITAS (CP); WATERFRONT SEKURITAS INDONESIA (FZ); YULIE SEKURITAS INDONESIA TBK (RS)
EDGE,PT Indointernet Tbk,08-Feb-21,595974000,7375,20,147,136,266,203,BCA SEKURITAS (SQ)
UNIQ,PT Ulima Nitra Tbk,08-Mar-21,35400000,118,35,35,5,-25,-30,SURYA FAJAR SEKURITAS
BEBS,PT Berkah Beton Sadaya Tbk,10-Mar-21,200000000,100,35,280,398,1075,3940,MIRAE ASSET SEKURITAS INDONESIA (YP)
SNLK,PT Sunter Lakeside Hotel Tbk,29-Mar-21,22500000,150,35,113,387,500,233,VICTORIA SEKURITAS INDONESIA (MI)
ZYRX,PT Zyrexindo Mandiri Buana Tbk,30-Mar-21,83333000,250,25,118,118,110,126,BNI SEKURITAS (NI); MIRAE ASSET SEKURITAS INDONESIA (YP)
LFLO,PT Imago Mulia Persada Tbk,07-Apr-21,30000000,100,10,60,6,-20,3,DANATAMA MAKMUR SEKURITAS (II); HENAN PUTIHRAI SEKURITAS (HP); RELIANCE SEKURITAS INDONESIA TBK. (LS)
FIMP,PT Fimperkasa Utama Tbk,09-Apr-21,20000000,125,10,-18,-54,-60,-58,WANTEG SEKURITAS (AN); WANTEG SEKURITAS (AN)
TAPG,PT Triputra Agro Persada Tbk,12-Apr-21,173240000,200,35,228,288,288,230,CIPTADANA SEKURITAS ASIA (KI); TRIMEGAH SEKURITAS INDONESIA TBK. (LG)
NPGF,PT Nusa Palapa Gemilang Tbk,14-Apr-21,64805000,100,35,48,8,2,15,UOB KAY HIAN SEKURITAS (AI)
LUCY,PT Lima Dua Lima Tiga Tbk,05-May-21,33750000,100,10,-18,-41,-49,6,INDO CAPITAL SEKURITAS
HOPE,PT Harapan Duta Pertiwi Tbk,24-May-21,100497000,118,35,110,53,-22,102,DANATAMA MAKMUR SEKURITAS (II); YUANTA SEKURITAS INDONESIA (FS)
MGLV,PT Panca Anugrah Wisesa Tbk,08-Jun-21,54000000,135,10,41,-21,96,44,DANATAMA MAKMUR SEKURITAS (II); HENAN PUTIHRAI SEKURITAS (HP)
TRUE,PT Triniti Dinamik Tbk,10-Jun-21,151397000,100,35,280,440,30,-30,UOB KAY HIAN SEKURITAS (AI)
LABA,PT Ladangbaja Murni Tbk,10-Jun-21,25000000,125,34,62,127,-2,44,INDO CAPITAL SEKURITAS; PANIN SEKURITAS TBK. (GR); RELIANCE SEKURITAS INDONESIA TBK. (LS)
ARCI,PT Archi Indonesia Tbk,28-Jun-21,2793938000,750,1,0,-8,-27,-54,BNI SEKURITAS (NI); MANDIRI SEKURITAS (CC); CITIGROUP SEKURITAS INDONESIA (CG); CREDIT SUISSE SEKURITAS INDONESIA (CS); UOB KAY HIAN SEKURITAS (AI)
IPAC,PT Era Graharealty Tbk,30-Jun-21,22797000,120,10,59,15,-5,-8,UOB KAY HIAN SEKURITAS (AI)
MASB,PT Bank Multiarta Sentosa Tbk,30-Jun-21,625553000,3360,25,3,0,5,4,BCA SEKURITAS (SQ)
BMHS,PT Bundamedik Tbk,06-Jul-21,231880000,340,25,201,203,131,74,CIPTADANA SEKURITAS ASIA (KI)
FLMC,PT Falmaco Nonwoven Industri Tbk,08-Jul-21,31250000,200,10,50,106,69,-62,VICTORIA SEKURITAS INDONESIA (MI); WANTEG SEKURITAS (AN)
NICL,PT PAM Mineral Tbk,09-Jul-21,200000000,100,35,218,53,-29,-15,DANATAMA MAKMUR SEKURITAS (II); AARTHA SEKURITAS INDONESIA (SH); PANCA GLOBAL SEKURITAS (PG); WATERFRONT SEKURITAS INDONESIA (FZ); HENAN PUTIHRAI SEKURITAS (HP); RELIANCE SEKURITAS INDONESIA TBK. (LS); NILAI INTI SEKURITAS (RO)
UVCR,PT Trimegah Karya Pratama Tbk,27-Jul-21,50000000,100,10,60,374,228,43,SURYA FAJAR SEKURITAS; MIRAE ASSET SEKURITAS INDONESIA (YP); NH KORINDO SEKURITAS INDONESIA (XA)
BUKA,PT Bukalapak.com Tbk,06-Aug-21,21900679000,850,25,12,5,-55,-63,MANDIRI SEKURITAS (CC); BUANA CAPITAL SEKURITAS (RF); BAHANA SEKURITAS (DX); BCA SEKURITAS (SQ); BNI SEKURITAS (NI); BRI DANAREKSA SEKURITAS (OD); CIPTADANA SEKURITAS ASIA (KI); INVESTINDO NUSANTARA SEKURITAS (IN); LOTUS ANDALAN SEKURITAS (YJ); MIRAE ASSET SEKURITAS INDONESIA (YP); PANIN SEKURITAS TBK. (GR); PHILLIP SEKURITAS INDONESIA (KK); SAMUEL SEKURITAS INDONESIA (IF); SINARMAS SEKURITAS (DH); SUCOR SEKURITAS (AZ); TRIMEGAH SEKURITAS INDONESIA TBK. (LG); UBS SEKURITAS INDONESIA (AK); KB VALBURY SEKURITAS (CP); VICTORIA SEKURITAS INDONESIA (MI); WANTEG SEKURITAS (AN); YUANTA SEKURITAS INDONESIA (FS)
HAIS,PT Hasnur Internasional Shipping Tbk,01-Sep-21,157575000,300,25,-3,-12,-19,-19,RHB SEKURITAS INDONESIA (DR)
OILS,PT Indo Oil Perkasa Tbk,06-Sep-21,40500000,270,24,126,22,-7,-18,KOREA INVESTMENT AND SEKURITAS INDONESIA
GPSO,PT Geoprima Solusi Tbk,06-Sep-21,30000000,180,34,4,-3,-41,-32,SURYA FAJAR SEKURITAS; NH KORINDO SEKURITAS INDONESIA (XA)
MCOL,PT Prima Andalan Mandiri Tbk,07-Sep-21,504895000,1420,10,15,23,155,393,BUANA CAPITAL SEKURITAS (RF)
RSGK,PT Kedoya Adyaraya Tbk,08-Sep-21,319817000,1720,25,14,-2,-16,-25,BUANA CAPITAL SEKURITAS (RF)
GTSI,PT GTS Internasional Tbk,08-Sep-21,240000000,100,-7,-22,-26,-43,-36,RELIANCE SEKURITAS INDONESIA TBK. (LS)
CMNT,PT Cemindo Gemilang Tbk,08-Sep-21,1168784000,680,25,20,39,55,49,CIPTADANA SEKURITAS ASIA (KI); UBS SEKURITAS INDONESIA (AK); MANDIRI SEKURITAS (CC)
RUNS,PT Global Sukses Solusi Tbk,08-Sep-21,49987000,254,9,58,84,-36,-31,BRI DANAREKSA SEKURITAS (OD); MIRAE ASSET SEKURITAS INDONESIA (YP)
SBMA,PT Surya Biru Murni Acetylene Tbk,08-Sep-21,50112000,180,34,178,143,62,24,KGI SEKURITAS INDONESIA (HD)
IDEA,PT Idea Indonesia Akademi Tbk,09-Sep-21,29748000,140,10,-11,41,-50,-56,INDO CAPITAL SEKURITAS; PHILLIP SEKURITAS INDONESIA (KK)
KUAS,PT Ace Oldfields Tbk,25-Oct-21,76050000,195,34,12,22,-62,-65,NH KORINDO SEKURITAS INDONESIA (XA)
BOBA,PT Formosa Ingredient Factory Tbk,01-Nov-21,39200000,280,25,10,-11,-30,-31,VICTORIA SEKURITAS INDONESIA (MI)
MTEL,PT Dayamitra Telekomunikasi Tbk,22-Nov-21,18794820000,800,-4,-4,-4,-14,-14,BRI DANAREKSA SEKURITAS (OD); MANDIRI SEKURITAS (CC); DANASAKTI SEKURITAS INDONESIA (PF); HSBC SEKURITAS INDONESIA (GW); INVESTINDO NUSANTARA SEKURITAS (IN); J.P. MORGAN SEKURITAS INDONESIA (BK); MORGAN STANLEY SEKURITAS INDONESIA (MS); PANIN SEKURITAS TBK. (GR); SAMUEL SEKURITAS INDONESIA (IF); KB VALBURY SEKURITAS (CP); YULIE SEKURITAS INDONESIA TBK (RS)
BINO,PT Perma Plasindo Tbk,25-Nov-21,60030000,138,21,1,3,-4,-5,SEMESTA INDOVEST SEKURITAS (MG); PHILLIP SEKURITAS INDONESIA (KK); INDO CAPITAL SEKURITAS
DEPO,PT Caturkarda Depo Bangunan Tbk,25-Nov-21,493568000,482,24,27,1,3,-2,MIRAE ASSET SEKURITAS INDONESIA (YP)
WGSH,PT Wira Global Solusi Tbk,06-Dec-21,29190000,140,10,59,15,47,9,SHINHAN SEKURITAS INDONESIA (AH)
TAYS,PT Jaya Swarasa Agung Tbk,06-Dec-21,86508000,360,-7,-24,-44,-45,94,NH KORINDO SEKURITAS INDONESIA (XA); KGI SEKURITAS INDONESIA (HD)
WMPP,PT Widodo Makmur Perkasa Tbk,06-Dec-21,707040000,160,-1,-6,-5,-23,-26,CIMB NIAGA SEKURITAS; MIRAE ASSET SEKURITAS INDONESIA (YP); SURYA FAJAR SEKURITAS; SAMUEL SEKURITAS INDONESIA (IF); KB VALBURY SEKURITAS (CP); YULIE SEKURITAS INDONESIA TBK (RS); BRI DANAREKSA SEKURITAS (OD)
CMRY,PT Cisarua Mountain Dairy Tbk,06-Dec-21,3665825000,3080,11,12,8,27,44,CLSA SEKURITAS INDONESIA (KZ); MANDIRI SEKURITAS (CC); PANIN SEKURITAS TBK. (GR)
RMKE,PT RMK Energy Tbk,07-Dec-21,180250000,206,-3,10,10,218,356,INDO CAPITAL SEKURITAS; VICTORIA SEKURITAS INDONESIA (MI); ERDIKHA ELIT SEKURITAS (AO); SEMESTA INDOVEST SEKURITAS (MG); PHILLIP SEKURITAS INDONESIA (KK)
OBMD,PT OBM Drilchem Tbk,08-Dec-21,32760000,180,-7,-22,-31,-24,11,KGI SEKURITAS INDONESIA (HD)
AVIA,PT Avia Avian Tbk,08-Dec-21,5766000000,930,-7,-5,-2,-16,-22,MANDIRI SEKURITAS (CC); MORGAN STANLEY SEKURITAS INDONESIA (MS); UBS SEKURITAS INDONESIA (AK); CREDIT SUISSE SEKURITAS INDONESIA (CS); DANASAKTI SEKURITAS INDONESIA (PF); TRIMEGAH SEKURITAS INDONESIA TBK. (LG)
IPPE,PT Indo Pureco Pratama Tbk,09-Dec-21,100000000,100,35,114,98,140,65,KGI SEKURITAS INDONESIA (HD); MIRAE ASSET SEKURITAS INDONESIA (YP)
NASI,PT Wahana Inti Makmur Tbk,13-Dec-21,31000000,155,34,39,154,127,-39,UOB KAY HIAN SEKURITAS (AI)
BSML,PT Bintang Samudera Mandiri Lines Tbk,16-Dec-21,43295000,117,34,12,247,695,266,DANATAMA MAKMUR SEKURITAS (II)
DRMA,PT Dharma Polimetal Tbk,20-Dec-21,352941000,500,-1,5,27,21,20,CIMB NIAGA SEKURITAS; SUCOR SEKURITAS (AZ); MNC SEKURITAS (EP)
ADMR,PT Adaro Minerals Indonesia Tbk,03-Jan-22,660708000,100,35,280,1.085,1.525,1.580,CIPTADANA SEKURITAS ASIA (KI)
SEMA,PT Semacom Integrated Tbk,10-Jan-22,62460000,180,34,34,53,12,-18,NH KORINDO SEKURITAS INDONESIA (XA)
ASLC,PT Autopedia Sukses Lestari Tbk,25-Jan-22,652613000,256,25,13,2,-30,-64,CIPTADANA SEKURITAS ASIA (KI); TRIMEGAH SEKURITAS INDONESIA TBK. (LG)
NETV,PT Net Visi Media Tbk,26-Jan-22,150000000,196,35,227,160,42,1,NH KORINDO SEKURITAS INDONESIA (XA)
BAUT,PT Mitra Angkasa Sejahtera Tbk,28-Jan-22,145000000,100,35,114,44,-50,-50,UOB KAY HIAN SEKURITAS (AI)
ENAK,PT Champ Resto Indonesia Tbk,08-Feb-22,368333000,850,-3,-13,-6,122,44,UOB KAY HIAN SEKURITAS (AI)
NTBK,PT Nusatama Berkah Tbk,09-Feb-22,70000000,100,35,3,-33,-50,-50,DANATAMA MAKMUR SEKURITAS (II); SURYA FAJAR SEKURITAS
ADCP,PT Adhi Commuter Properti Tbk,23-Feb-22,288889000,130,-6,-28,-28,-42,-49,CIMB NIAGA SEKURITAS; MIRAE ASSET SEKURITAS INDONESIA (YP); MAYBANK SEKURITAS INDONESIA; SUCOR SEKURITAS (AZ); INDOSURYA BERSINAR SEKURITAS (IP); PANIN SEKURITAS TBK. (GR); YULIE SEKURITAS INDONESIA TBK (RS)
SMKM,PT Sumber Mas Konstruksi Tbk,09-Mar-22,66000000,264,-10,-33,-2,-7,213,ERDIKHA ELIT SEKURITAS (AO)
STAA,PT Sumber Tani Agung Resources Tbk,10-Mar-22,542024000,600,25,36,52,93,67,CIMB NIAGA SEKURITAS; DBS VICKERS SEKURITAS INDONESIA (DP)
NANO,PT Nanotech Indonesia Global Tbk,10-Mar-22,128500000,100,10,60,-11,-49,-74,UOB KAY HIAN SEKURITAS (AI)
BIKE,PT Sepeda Bersama Indonesia Tbk,21-Mar-22,54967000,170,34,38,1,41,22,TRIMEGAH SEKURITAS INDONESIA TBK. (LG); MIRAE ASSET SEKURITAS INDONESIA (YP); NH KORINDO SEKURITAS INDONESIA (XA)
WIRG,PT WIR ASIA Tbk,04-Apr-22,431894000,168,35,227,555,152,-11,CIPTADANA SEKURITAS ASIA (KI)
SICO,PT Sigma Energy Compressindo Tbk,08-Apr-22,62100000,230,10,-16,-32,-21,-40,NH KORINDO SEKURITAS INDONESIA (XA)
GOTO,PT GoTo Gojek Tokopedia Tbk,11-Apr-22,13727889000,338,13,12,-30,-28,-72,INDO PREMIER SEKURITAS (PD); MANDIRI SEKURITAS (CC); TRIMEGAH SEKURITAS INDONESIA TBK. (LG); NILAI INTI SEKURITAS (RO); CIMB NIAGA SEKURITAS; CREDIT SUISSE SEKURITAS INDONESIA (CS); CLSA SEKURITAS INDONESIA (KZ); DEUTSCHE SEKURITAS INDONESIA (DB); ALDIRACITA SEKURITAS INDONESIA (PP); BNI SEKURITAS (NI); PANIN SEKURITAS TBK. (GR); SUCOR SEKURITAS (AZ); KB VALBURY SEKURITAS (CP)
TLDN,PT Teladan Prima Agro Tbk,12-Apr-22,300359000,580,6,1,17,0,-14,BNI SEKURITAS (NI); CIMB NIAGA SEKURITAS
MTMH,PT Murni Sadar Tbk,20-Apr-22,325149000,1280,25,21,27,51,18,BCA SEKURITAS (SQ); CIPTADANA SEKURITAS ASIA (KI)
IBOS,PT Indo Boga Sukses Tbk,25-Apr-22,160736000,100,10,18,21,-8,152,NH KORINDO SEKURITAS INDONESIA (XA); SURYA FAJAR SEKURITAS
WINR,PT Winner Nusantara Jaya Tbk,25-Apr-22,150000000,100,35,112,76,-50,-50,AARTHA SEKURITAS INDONESIA (SH); MIRAE ASSET SEKURITAS INDONESIA (YP); PANCA GLOBAL SEKURITAS (PG); YUANTA SEKURITAS INDONESIA (FS)
OLIV,PT Oscar Mitra Sukses Sejahtera Tbk,17-May-22,40000000,100,1,0,1,-70,-79,DANATAMA MAKMUR SEKURITAS (II)
ASHA,PT Cilacap Samudera Fishing Industry Tbk,27-May-22,125000000,100,35,280,86,35,-4,KGI SEKURITAS INDONESIA (HD); KOREA INVESTMENT AND SEKURITAS INDONESIA
SWID,PT Saraswanti Indoland Development Tbk,07-Jul-22,68000000,200,8,-19,-28,-50,-60,SHINHAN SEKURITAS INDONESIA (AH)
CHEM,PT Chemstar Indonesia Tbk,08-Jul-22,75000000,150,3,-17,-18,-6,-29,NH KORINDO SEKURITAS INDONESIA (XA)
ARKO,PT Arkora Hydro Tbk,08-Jul-22,182669000,300,-7,5,98,88,113,LOTUS ANDALAN SEKURITAS (YJ); MIRAE ASSET SEKURITAS INDONESIA (YP)
TRGU,PT Cerestar Indonesia Tbk,08-Jul-22,315000000,210,25,124,62,5,2,SEMESTA INDOVEST SEKURITAS (MG)
DEWI,PT Dewi Shri Farmindo Tbk,18-Jul-22,70000000,100,35,48,78,124,-32,KGI SEKURITAS INDONESIA (HD); BINAARTHA SEKURITAS (AR)
AXIO,PT Tera Data Indonusa Tbk,20-Jul-22,145618000,140,35,54,103,43,-4,BNI SEKURITAS (NI); CIMB NIAGA SEKURITAS
KRYA,PT Bangun Karya Perkasa Jaya Tbk,25-Jul-22,40625000,125,-6,-18,73,196,-35,INDO CAPITAL SEKURITAS
HATM,PT Habco Trans Maritima Tbk,26-Jul-22,140000000,160,2,18,181,81,33,NH KORINDO SEKURITAS INDONESIA (XA)
RCCC,PT Utama Radar Cahaya Tbk,02-Aug-22,20250000,135,-10,6,-15,-1,13,ELIT SUKSES SEKURITAS
GULA,PT Aman Agrindo Tbk,03-Aug-22,53518000,250,2,-9,-16,78,34,UOB KAY HIAN SEKURITAS (AI)
AMMS,PT Agung Menjangan Mas Tbk,04-Aug-22,24000000,100,5,8,35,-59,-63,INDO CAPITAL SEKURITAS
JARR,PT Jhonlin Agro Raya Tbk,04-Aug-22,366885000,300,25,68,46,-8,-39,INVESTINDO NUSANTARA SEKURITAS (IN); PANCA GLOBAL SEKURITAS (PG); BINAARTHA SEKURITAS (AR); LOTUS ANDALAN SEKURITAS (YJ)
RAFI,PT Sari Kreasi Boga Tbk,05-Aug-22,119459000,126,35,39,84,-8,-49,INVESTINDO NUSANTARA SEKURITAS (IN); KB VALBURY SEKURITAS (CP)
KKES,PT Kusuma Kemindo Sentosa Tbk,08-Aug-22,31500000,105,21,13,62,-10,-49,MIRAE ASSET SEKURITAS INDONESIA (YP)
EURO,PT Estee Gold Feet Tbk,08-Aug-22,35000000,70,0,0,0,417,217,DANATAMA MAKMUR SEKURITAS (II)
MORA,PT Mora Telematika Indonesia,08-Aug-22,1000084000,396,25,46,48,10,18,BNI SEKURITAS (NI); SUCOR SEKURITAS (AZ)
ELPI,PT Pelayaran Nasional Ekalya Purnamasari Tbk,08-Aug-22,222400000,200,35,37,14,3,16,TRIMEGAH SEKURITAS INDONESIA TBK. (LG)
KLIN,PT Klinko Karya Imaji Tbk,09-Aug-22,23000000,100,-10,-26,-44,-69,-54,ELIT SUKSES SEKURITAS
TOOL,PT Rohartindo Nusantara Luas Tbk,09-Aug-22,52070000,127,35,9,-14,-41,-54,MIRAE ASSET SEKURITAS INDONESIA (YP)
BUAH,PT Segar Kumala Indonesia Tbk,09-Aug-22,77600000,388,25,20,61,178,272,RELIANCE SEKURITAS INDONESIA TBK. (LS)
CRAB,PT Toba Surimi Industries Tbk,10-Aug-22,58500000,150,35,56,59,41,59,KGI SEKURITAS INDONESIA (HD)
MEDS,PT Hetzer Medical Indonesia Tbk,10-Aug-22,39063000,125,34,127,114,0,-38,WANTEG SEKURITAS (AN)
COAL,PT Black Diamond Resources Tbk,07-Sep-22,125000000,100,35,280,354,36,-45,SURYA FAJAR SEKURITAS
BSBK,PT Wulandari Bangun Laksana Tbk,08-Nov-22,275000000,100,35,170,140,-50,-50,KGI SEKURITAS INDONESIA (HD); PANCA GLOBAL SEKURITAS (PG); YUANTA SEKURITAS INDONESIA (FS); AARTHA SEKURITAS INDONESIA (SH)
CBUT,PT Citra Borneo Utama Tbk,08-Nov-22,431250000,690,25,21,88,180,197,BRI DANAREKSA SEKURITAS (OD); MAYBANK SEKURITAS INDONESIA; MIRAE ASSET SEKURITAS INDONESIA (YP); UOB KAY HIAN SEKURITAS (AI)
MKTR,PT Menthobi Karyatama Raya Tbk,08-Nov-22,300000000,120,8,9,4,73,3,DANATAMA MAKMUR SEKURITAS (II); KB VALBURY SEKURITAS (CP); WANTEG SEKURITAS (AN)
BELI,PT Global Digital Niaga Tbk,08-Nov-22,7997043000,450,0,5,6,1,4,BCA SEKURITAS (SQ); BRI DANAREKSA SEKURITAS (OD); DBS VICKERS SEKURITAS INDONESIA (DP); MORGAN STANLEY SEKURITAS INDONESIA (MS); DBS VICKERS SEKURITAS INDONESIA (DP); MANDIRI SEKURITAS (CC); BNI SEKURITAS (NI); INDO PREMIER SEKURITAS (PD); KB VALBURY SEKURITAS (CP); YULIE SEKURITAS INDONESIA TBK (RS); DANASAKTI SEKURITAS INDONESIA (PF)
PRAY,PT Famon Awal Bros Sedaya Tbk,08-Nov-22,272000000,900,-1,-16,-18,-19,-23,INDO PREMIER SEKURITAS (PD)
OMED,PT Jayamas Medica Industri Tbk,08-Nov-22,828005000,204,24,26,17,-3,3,CLSA SEKURITAS INDONESIA (KZ); CIMB NIAGA SEKURITAS; CIPTADANA SEKURITAS ASIA (KI)
KDTN,PT Puri Sentul Permai Tbk,09-Nov-22,37500000,150,26,7,-8,-10,-30,VICTORIA SEKURITAS INDONESIA (MI)
PDPP,PT Primadaya Plastisindo Tbk,09-Nov-22,100000000,200,35,16,1,45,56,SEMESTA INDOVEST SEKURITAS (MG)
ZATA,PT Bersama Zatta Jaya Tbk,10-Nov-22,170000000,100,35,182,31,-50,-50,UOB KAY HIAN SEKURITAS (AI)
KETR,PT Ketrosden Triasmitra Tbk,10-Nov-22,127860000,300,7,-6,-25,-39,-23,SHINHAN SEKURITAS INDONESIA (AH)
NINE,PT Techno9 Indonesia Tbk,05-Dec-22,32400000,75,-8,-37,-39,-59,-87,VICTORIA SEKURITAS INDONESIA (MI); ELIT SUKSES SEKURITAS
MMIX,PT Multi Medika Internasional Tbk,06-Dec-22,114000000,190,35,27,71,29,-11,MIRAE ASSET SEKURITAS INDONESIA (YP)
PADA,PT Personel Alih Daya Tbk,08-Dec-22,90000000,100,10,10,144,-19,-50,UOB KAY HIAN SEKURITAS (AI); ERDIKHA ELIT SEKURITAS (AO)
ISAP,PT Isra Presisi Indonesia Tbk,09-Dec-22,145920000,96,-9,-26,17,-69,-89,UOB KAY HIAN SEKURITAS (AI)
VTNY,PT Venteny Fortuna International Tbk,15-Dec-22,338320000,360,10,12,18,1,-27,BRI DANAREKSA SEKURITAS (OD); SURYA FAJAR SEKURITAS; MIRAE ASSET SEKURITAS INDONESIA (YP); MEGA CAPITAL SEKURITAS (CD)
ELIT,PT Data Sinergitama Jaya Tbk,06-Jan-23,60000000,120,-7,41,13,10,-24,NH KORINDO SEKURITAS INDONESIA (XA)
CBPE,PT Citra Buana Prasida Tbk,06-Jan-23,40688000,150,-1,19,-1,-11,-14,PANIN SEKURITAS TBK. (GR)
BEER,PT Jobubu Jarum Minahasa Tbk,06-Jan-23,176000000,220,17,25,66,54,30,UOB KAY HIAN SEKURITAS (AI)
SOUL,PT Mitra Tirta Buwana Tbk,06-Jan-23,29700000,110,-10,-36,-59,-78,-80,SHINHAN SEKURITAS INDONESIA (AH); WANTEG SEKURITAS (AN)
CBRE,PT Cakra Buana Resources Energi Tbk,09-Jan-23,79704000,108,34,47,-17,-54,-54,RHB SEKURITAS INDONESIA (DR); KGI SEKURITAS INDONESIA (HD)
SUNI,PT Sunindo Pratama Tbk,09-Jan-23,180000000,300,0,1,-1,-7,23,UOB KAY HIAN SEKURITAS (AI)
WINE,PT Hatten Bali Tbk,10-Jan-23,87462000,129,35,134,185,357,213,NH KORINDO SEKURITAS INDONESIA (XA)
BMBL,PT Lavender Bina Cendikia Tbk,11-Jan-23,52640000,188,-10,-40,-65,-70,-88,MIRAE ASSET SEKURITAS INDONESIA (YP); KGI SEKURITAS INDONESIA (HD)
PEVE,PT Penta Valent Tbk,24-Jan-23,52616000,149,34,48,32,16,17,LOTUS ANDALAN SEKURITAS (YJ)
LAJU,PT Jasa Berdikari Logistics Tbk,27-Jan-23,70000000,100,35,41,144,-36,,NH KORINDO SEKURITAS INDONESIA (XA)
FWCT,PT Wijaya Cahaya Timber Tbk,01-Feb-23,44250000,118,35,2,-7,-56,,LOTUS ANDALAN SEKURITAS (YJ)
NAYZ,PT Hassana Boga Sejahtera Tbk,06-Feb-23,51000000,100,-10,-28,-3,-74,,SURYA FAJAR SEKURITAS
IRSX,PT Aviana Sinar Abadi Tbk,07-Feb-23,101000000,101,2,-7,-9,4,,SHINHAN SEKURITAS INDONESIA (AH)
PACK,PT Solusi Kemasan Digital Tbk,08-Feb-23,49896000,162,-10,-37,-33,4,,NH KORINDO SEKURITAS INDONESIA (XA)
CHIP,PT Pelita Teknologi Global Tbk,08-Feb-23,32000000,160,10,44,322,888,,LOTUS ANDALAN SEKURITAS (YJ)
VAST,PT Vastland Indonesia Tbk,08-Feb-23,70200000,108,-6,0,-8,-36,,ERDIKHA ELIT SEKURITAS (AO)
HALO,PT Haloni Jane Tbk,08-Feb-23,113000000,100,17,19,17,-20,,DANATAMA MAKMUR SEKURITAS (II); KB VALBURY SEKURITAS (CP)
KING,PT Hoffmen Cleanindo Tbk,16-Feb-23,67600000,130,-10,-12,32,4,,NH KORINDO SEKURITAS INDONESIA (XA)
PGEO,PT Pertamina Geothermal Energy Tbk,24-Feb-23,9056250000,875,0,-1,-9,19,,CLSA SEKURITAS INDONESIA (KZ); CREDIT SUISSE SEKURITAS INDONESIA (CS); MANDIRI SEKURITAS (CC); HSBC SEKURITAS INDONESIA (GW); BAHANA SEKURITAS (DX); DANASAKTI SEKURITAS INDONESIA (PF); SAMUEL SEKURITAS INDONESIA (IF)
FUTR,PT Lini Imaji Kreasi Ekosistem Tbk,27-Feb-23,127800000,100,0,42,21,-50,,INDO CAPITAL SEKURITAS; KGI SEKURITAS INDONESIA (HD)
HILL,PT Hillcon Tbk,01-Mar-23,552875000,1250,6,26,62,132,,MIRAE ASSET SEKURITAS INDONESIA (YP); SUCOR SEKURITAS (AZ); MACQUARIE SEKURITAS INDONESIA (RX)
BDKR,PT Berdikari Pondasi Perkasa Tbk,03-Mar-23,141220000,200,15,29,28,153,,SEMESTA INDOVEST SEKURITAS (MG)
PTMP,PT Mitra Pack Tbk,06-Mar-23,96000000,120,19,13,77,14,,NH KORINDO SEKURITAS INDONESIA (XA)
TRON,PT Teknologi Karya Digital Nusa Tbk,08-Mar-23,135000000,180,31,50,53,64,,SURYA FAJAR SEKURITAS
SAGE,PT Saausaha Gemilangindah Tbk,08-Mar-23,161000000,100,35,40,272,-50,,DANATAMA MAKMUR SEKURITAS (II); AARTHA SEKURITAS INDONESIA (SH)
CUAN,PT Petrindo Jaya Kreasi Tbk,08-Mar-23,371800000,220,25,200,309,991,,HENAN PUTIHRAI SEKURITAS (HP); BRI DANAREKSA SEKURITAS (OD)
NSSS,PT Nusantara Sawit Sejahtera Tbk,10-Mar-23,453166000,127,6,3,14,52,,SAMUEL SEKURITAS INDONESIA (IF); BRI DANAREKSA SEKURITAS (OD); SUCOR SEKURITAS (AZ); MIRAE ASSET SEKURITAS INDONESIA (YP); YULIE SEKURITAS INDONESIA TBK (RS); PHILLIP SEKURITAS INDONESIA (KK); DANASAKTI SEKURITAS INDONESIA (PF)
GTRA,PT Grahaprima Suksesmandiri Tbk,30-Mar-23,56831000,150,35,85,77,39,,UOB KAY HIAN SEKURITAS (AI)
HAJJ,PT Arsy Buana Travelindo Tbk,05-Apr-23,96194000,140,10,25,211,9,,SURYA FAJAR SEKURITAS
PIPA,PT Multi Makmur Lemindo Tbk,10-Apr-23,97125000,105,34,60,1,-52,,SHINHAN SEKURITAS INDONESIA (AH)
NCKL,PT Trimegah Bangun Persada Tbk,12-Apr-23,9997000000,1250,4,16,-10,-21,,BNP PARIBAS SECURITIES INDONESIA (BW); CITIGROUP SEKURITAS INDONESIA (CG); CREDIT SUISSE SEKURITAS INDONESIA (CS); MANDIRI SEKURITAS (CC); DBS VICKERS SEKURITAS INDONESIA (DP); OCBC SEKURITAS INDONESIA (TP); UOB KAY HIAN SEKURITAS (AI)
MBMA,PT Merdeka Battery Materials Tbk,18-Apr-23,9182250000,795,11,1,-1,-10,,INDO PREMIER SEKURITAS (PD); TRIMEGAH SEKURITAS INDONESIA TBK. (LG); UBS SEKURITAS INDONESIA (AK); MACQUARIE SEKURITAS INDONESIA (RX); SUCOR SEKURITAS (AZ); ALDIRACITA SEKURITAS INDONESIA (PP); CIPTADANA SEKURITAS ASIA (KI)
MENN,PT Menn Teknologi Indonesia Tbk,18-Apr-23,33556000,78,-9,-31,-45,42,,INDO CAPITAL SEKURITAS; KGI SEKURITAS INDONESIA (HD)
AWAN,PT Era Digital Media Tbk,18-Apr-23,75000000,100,35,212,152,134,,SAMUEL SEKURITAS INDONESIA (IF); SUCOR SEKURITAS (AZ)
JATI,PT Informasi Teknologi Indonesia Tbk,08-May-23,65250000,100,35,114,45,-28,,KGI SEKURITAS INDONESIA (HD); SHINHAN SEKURITAS INDONESIA (AH)
RAAM,PT Tripar Multivision Plus Tbk,08-May-23,217433000,234,25,201,225,105,,UOB KAY HIAN SEKURITAS (AI); SUCOR SEKURITAS (AZ)
TYRE,PT King Tire Indonesia Tbk,08-May-23,96600000,138,35,2,-11,-12,,VICTORIA SEKURITAS INDONESIA (MI)
DOOH,PT Era Media Sejahtera Tbk,08-May-23,154750000,100,5,-1,-48,60,,INDO CAPITAL SEKURITAS; KGI SEKURITAS INDONESIA (HD)
MPXL,PT MPX Logistics International Tbk,09-May-23,43200000,108,34,14,15,59,,PANIN SEKURITAS TBK. (GR)
SMIL,PT Sarana Mitra Luas Tbk,12-May-23,175000000,100,35,48,43,26,,MNC SEKURITAS (EP); KB VALBURY SEKURITAS (CP); ERDIKHA ELIT SEKURITAS (AO)
KLAS,PT Pelayaran Kurnia Lautan Semesta Tbk,12-Jun-23,78840000,146,35,-9,-29,-39,,PANIN SEKURITAS TBK. (GR)
MAXI,PT Maxindo Karya Anugerah Tbk,12-Jun-23,100000000,100,-15,-42,-39,-50,,SHINHAN SEKURITAS INDONESIA (AH)
VKTR,PT VKTR Teknologi Mobilitas Tbk,19-Jun-23,875000000,100,11,15,30,15,,SAMUEL SEKURITAS INDONESIA (IF); CIPTADANA SEKURITAS ASIA (KI); TRIMEGAH SEKURITAS INDONESIA TBK. (LG)
RELF,PT Graha Mitra Asia Tbk,22-Jun-23,108000000,90,10,57,53,-71,,UOB KAY HIAN SEKURITAS (AI)
AMMN,PT Amman Mineral Internasional Tbk,07-Jul-23,10726314000,1695,4,4,69,282,,BNI SEKURITAS; MANDIRI SEKURITAS
TGUK,PT Platinum Wahab Nusantara Tbk,10-Jul-23,117857000,110,35,26,-10,-15,,SEMESTA INDOVEST SEKURITAS
WIDI,PT Widiant Jaya Krenindo Tbk,10-Jul-23,40000000,100,10,8,40,-56,,ARTHA SEKURITAS INDONESIA
CRSN,PT Carsurin Tbk,10-Jul-23,75000000,125,14,-10,-7,-2,,NH KORINDO SEKURITAS INDONESIA
GRPM,PT Graha Prima Mentari Tbk,10-Jul-23,37080000,120,-10,-30,-38,-60,,NH KORINDO SEKURITAS INDONESIA
INET,PT Sinergi Inti Andalan Prima Tbk,24-Jul-23,151500000,101,35,100,84,-31,,SHINHAN SEKURITAS INDONESIA
MAHA,PT Mandiri Herindo Adiperkasa Tbk,25-Jul-23,491588000,118,35,132,114,,,TRIMEGAH SEKURITAS INDONESIA TBK
RMKO,PT Royaltama Mulia Kontraktorindo Tbk,31-Jul-23,112500000,450,24,21,-17,,,VICTORIA SEKURITAS INDONESIA
CNMA,PT Nusantara Sejahtera Raya Tbk,02-Aug-23,2250450000,270,17,14,1,,,INDO PREMIER SEKURITAS; J.P. MORGAN SEKURITAS INDONESIA; MANDIRI SEKURITAS
FOLK,PT Multi Garam Utama Tbk,07-Aug-23,57000000,100,13,-15,-27,,,KGI SEKURITAS INDONESIA; SAMUEL SEKURITAS INDONESIA
HBAT,PT Minahasa Membangun Hebat Tbk,07-Aug-23,26000000,108,-9,-38,-49,,,LOTUS ANDALAN SEKURITAS
ERAL,PT Sinar Eka Selaras Tbk,08-Aug-23,404625000,390,3,-6,-5,,,MIRAE ASSET SEKURITAS INDONESIA; BNI SEKURITAS
CYBR,PT ITSEC Asia Tbk,08-Aug-23,100873000,100,35,132,66,,,MIRAE ASSET SEKURITAS INDONESIA
PPRI,PT Paperocks Indonesia Tbk,08-Aug-23,38500000,140,-15,-45,-41,,,INDO CAPITAL SEKURITAS
GRIA,PT Ingria Pratama Capitalindo Tbk,08-Aug-23,207000000,120,-2,-2,-5,,,ERDIKHA ELIT SEKURITAS
LMAX,PT Lupromax Pelumas Indonesia Tbk,09-Aug-23,39000000,200,10,46,0,,,SHINHAN SEKURITAS INDONESIA
HUMI,PT Humpuss Maritim Internasional Tbk,09-Aug-23,270700000,100,2,51,89,,,RELIANCE SEKURITAS INDONESIA TBK
MUTU,PT Mutuagung Lestari Tbk,09-Aug-23,101829000,108,34,23,69,,,TRIMEGAH SEKURITAS INDONESIA TBK
MSIE,PT Multisarana Intan Eduka Tbk,10-Aug-23,36000000,100,-10,-40,-58,,,MNC SEKURITAS
RSCH,PT Charlie Hospital Semarang Tbk,28-Aug-23,60950000,115,14,16,5,,,SHINHAN SEKURITAS INDONESIA
BABY,PT Multitrend Indo Tbk,07-Sep-23,142044000,266,9,-2,2,,,UOB KAY HIAN SEKURITAS
AEGS,PT Anugerah Spareparts Sejahtera Tbk,11-Sep-23,40000000,100,-5,-32,-41,,,SHINHAN SEKURITAS INDONESIA
IOTF,PT Sumber Sinergi Makmur Tbk,06-Oct-23,110000000,100,35,5,9,,,SHINHAN SEKURITAS INDONESIA
KOCI,PT Kokoh Exa Nusantara Tbk,06-Oct-23,54000000,120,-30,-43,-58,,,PANCA GLOBAL SEKURITAS
PTPS,PT Pulau Subur Tbk,09-Oct-23,89100000,198,-35,-47,-30,,,NH KORINDO SEKURITAS INDONESIA
BREN,PT Barito Renewables Energy Tbk,09-Oct-23,3131700000,780,25,203,464,,,BNI SEKURITAS
STRK,PT Lovina Beach Brewery Tbk,10-Oct-23,118000000,100,35,128,210,,,ARTHA SEKURITAS INDONESIA
LOPI,PT Logisticsplus International Tbk,11-Oct-23,30000000,100,-10,-14,-30,,,ELIT SUKSES SEKURITAS
KOKA,PT Koka Indonesia Tbk,11-Oct-23,91563000,128,33,-13,-52,,,UOB KAY HIAN SEKURITAS
UDNG,PT Agro Bahari Nusantara Tbk,31-Oct-23,50000000,100,10,-5,20,,,MNC SEKURITAS; KB VALBURY SEKURITAS
IKPM,PT Ikapharmindo Putramas Tbk,08-Nov-23,55594000,165,10,5,16,,,OCBC SEKURITAS INDONESIA
MSTI,PT Mastersystem Infotama Tbk,08-Nov-23,637966000,1355,7,2,0,,,INDO PREMIER SEKURITAS
RGAS,PT Kian Santang Muliatama Tbk,08-Nov-23,40104000,120,4,-8,-13,,,ERDIKHA ELIT SEKURITAS
AYAM,PT Janu Putra Sejahtera Tbk,30-Nov-23,80000000,100,35,11,10,,,UOB KAY HIAN SEKURITAS
SURI,PT Maja Agung Latexindo Tbk,07-Dec-23,215369000,170,-5,-4,-1,,,SHINHAN SEKURITAS INDONESIA
